{
    "batchName": "",
    "batchTime": 0,
    "boardConf": "",
    "boardCustom": "",
    "boardName": "OAK-D",
    "boardOptions": 0,
    "boardRev": "R1M0E1",
    "cameraData": [
        [
            0,
            {
                "cameraType": 0,
                "distortionCoeff": [
                    1.8286393880844116,
                    -87.1303482055664,
                    -0.000545949675142765,
                    9.969959501177073e-05,
                    413.5492248535156,
                    1.6646522283554077,
                    -85.38516235351563,
                    407.1291198730469,
                    0.0,
                    0.0,
                    0.0,
                    0.0,
                    0.0,
                    0.0
                ],
                "extrinsics": {
                    "rotationMatrix": [
                        [
                            0.0,
                            0.0,
                            0.0
                        ],
                        [
                            0.0,
                            0.0,
                            0.0
                        ],
                        [
                            0.0,
                            0.0,
                            0.0
                        ]
                    ],
                    "specTranslation": {
                        "x": -0.0,
                        "y": -0.0,
                        "z": -0.0
                    },
                    "toCameraSocket": -1,
                    "translation": {
                        "x": 0.0,
                        "y": 0.0,
                        "z": 0.0
                    }
                },
                "height": 1080,
                "intrinsicMatrix": [
                    [
                        1559.2633056640625,
                        0.0,
                        960.5366821289063
                    ],
                    [
                        0.0,
                        1557.29052734375,
                        536.3464965820313
                    ],
                    [
                        0.0,
                        0.0,
                        1.0
                    ]
                ],
                "lensPosition": 135,
                "specHfovDeg": 68.7938003540039,
                "width": 1920
            }
        ],
        [
            1,
            {
                "cameraType": 0,
                "distortionCoeff": [
                    -7.703825950622559,
                    49.4111442565918,
                    -0.0005467327428050339,
                    0.0009471977245993912,
                    -65.05721282958984,
                    -7.799495697021484,
                    49.7925910949707,
                    -65.46110534667969,
                    0.0,
                    0.0,
                    0.0,
                    0.0,
                    0.0,
                    0.0
                ],
                "extrinsics": {
                    "rotationMatrix": [
                        [
                            0.9997478723526001,
                            -0.005788678769022226,
                            -0.02169499173760414
                        ],
                        [
                            0.005728640127927065,
                            0.9999796152114868,
                            -0.0028285246808081865
                        ],
                        [
                            0.021710922941565514,
                            0.002703528618440032,
                            0.999760627746582
                        ]
                    ],
                    "specTranslation": {
                        "x": -7.5,
                        "y": 0.0,
                        "z": 0.0
                    },
                    "toCameraSocket": 2,
                    "translation": {
                        "x": -7.395249843597412,
                        "y": 0.022833406925201416,
                        "z": 0.045874759554862976
                    }
                },
                "height": 800,
                "intrinsicMatrix": [
                    [
                        798.2200927734375,
                        0.0,
                        638.4974365234375
                    ],
                    [
                        0.0,
                        797.7920532226563,
                        401.3921813964844
                    ],
                    [
                        0.0,
                        0.0,
                        1.0
                    ]
                ],
                "lensPosition": 0,
                "specHfovDeg": 71.86000061035156,
                "width": 1280
            }
        ],
        [
            2,
            {
                "cameraType": 0,
                "distortionCoeff": [
                    -2.6694657802581787,
                    24.126605987548828,
                    -0.0025899794418364763,
                    -0.0020917989313602448,
                    116.9698486328125,
                    -2.766781806945801,
                    24.014698028564453,
                    117.81414031982422,
                    0.0,
                    0.0,
                    0.0,
                    0.0,
                    0.0,
                    0.0
                ],
                "extrinsics": {
                    "rotationMatrix": [
                        [
                            0.9999872446060181,
                            -0.005041475873440504,
                            0.00017826065595727414
                        ],
                        [
                            0.005038347095251083,
                            0.999881386756897,
                            0.014556493610143661
                        ],
                        [
                            -0.0002516257227398455,
                            -0.014555409550666809,
                            0.9998940229415894
                        ]
                    ],
                    "specTranslation": {
                        "x": 3.75,
                        "y": 0.0,
                        "z": 0.0
                    },
                    "toCameraSocket": 0,
                    "translation": {
                        "x": 3.6396524906158447,
                        "y": 0.010059725493192673,
                        "z": -0.10305130481719971
                    }
                },
                "height": 800,
                "intrinsicMatrix": [
                    [
                        802.41162109375,
                        0.0,
                        644.1166381835938
                    ],
                    [
                        0.0,
                        802.0161743164063,
                        413.2668151855469
                    ],
                    [
                        0.0,
                        0.0,
                        1.0
                    ]
                ],
                "lensPosition": 0,
                "specHfovDeg": 71.86000061035156,
                "width": 1280
            }
        ]
    ],
    "hardwareConf": "",
    "imuExtrinsics": {
        "rotationMatrix": [
            [
                0.0,
                0.0,
                0.0
            ],
            [
                0.0,
                0.0,
                0.0
            ],
            [
                0.0,
                0.0,
                0.0
            ]
        ],
        "specTranslation": {
            "x": 0.0,
            "y": 0.0,
            "z": 0.0
        },
        "toCameraSocket": -1,
        "translation": {
            "x": 0.0,
            "y": 0.0,
            "z": 0.0
        }
    },
    "miscellaneousData": [],
    "productName": "",
    "stereoRectificationData": {
        "leftCameraSocket": 1,